feature,importance
momentum_7d,0.6636726845048067
state_code,0.19642096771816467
trade_size,0.07544558406822194
is_purchase,0.02409927515659689
party_code,0.021806324135218894
chamber_code,0.018555164416991028
